"","Genes","Selecting variant type","Truncating_selection","Missense_selection","qtrunc","qmis","wmis","wnon"
"1","SPRED2","Nonsense/Missense",TRUE,TRUE,0.832673931697282,0.016959920380914,5.38385811818948,0
"2","MTA2","Missense",FALSE,TRUE,0.832673931697282,0.35993164641407,2.26896857454808,0
"3","YLPM1","Nonsense",TRUE,FALSE,0.0238526648188794,0.73180496166697,1.18482059072643,8.70484997999984
"4","ZBTB33","Nonsense/Missense",TRUE,TRUE,0.832673931697282,0.00792933779500637,4.83778671252377,0
"5","ZNF318","Nonsense",TRUE,FALSE,3.67747513774219e-06,0.148043411987181,2.06594829887879,21.8344373959339
"6","ZNF234","Nonsense",TRUE,FALSE,0.147160580512587,0.73180496166697,0.721065294036377,13.1211875711892
"7","SRSF1","Missense",FALSE,TRUE,0.832673931697282,0.73180496166697,1.56967343382676,0
"8","IGLL5","Missense",FALSE,TRUE,0.832673931697282,0.624902155391269,2.41898505078207,0
"9","MYD88","Missense",FALSE,TRUE,0.832673931697282,0.73180496166697,1.43837238991086,0
"10","SIK3","Nonsense",TRUE,FALSE,0.0526391586363067,0.185820882301542,2.20253332916477,9.81065352188338
"11","CHEK2","Nonsense/Missense",TRUE,TRUE,0.0283487385860677,7.54951656745106e-15,15.9403175806831,14.4528477239627
"12","CCDC115","Nonsense",TRUE,FALSE,0.832673931697282,0.573023945467875,0,0
"13","BAX","Nonsense",TRUE,FALSE,0.133568991171736,0.185820882301542,4.65230118534451,16.104142153597
"14","SRCAP","Indels",TRUE,FALSE,5.88158988734655e-07,0.016959920380914,2.33756416527767,17.1963586234921
"15","SH2B3","Nonsense",TRUE,FALSE,0.832673931697282,0.0492303985607997,3.8003339300749,0
"16","CCL22","Missense",FALSE,TRUE,0.832673931697282,0.649953507906064,0,0
"17","MAGEC3","Missense",FALSE,TRUE,0.0238526648188794,0.328333496711777,2.46724816526171,19.9370450081999
